Item,Qty,Reference(s),Value,LibPart,Footprint,Datasheet,Datasheet,Footprint,Reference,Value
1,16,"C1, C3, C4, C10, C11, C13, C14, C15, C16, C17, C18, C19, C21, C24, C29, C31",104,Device:C_Small,Capacitor_SMD:C_0402_1005Metric,~,~,,C,C_Small
2,4,"C2, C12, C22, C30",106,Device:C_Small,Capacitor_SMD:C_0603_1608Metric,~,~,,C,C_Small
3,4,"C5, C6, C7, C8",106,Device:C_Small,Capacitor_SMD:C_0805_2012Metric,~,~,Capacitor_SMD:C_0805_2012Metric,C6,106
4,1,C9,105,Device:C_Small,Capacitor_SMD:C_0402_1005Metric,~,~,,C,C_Small
5,2,"C20, C23",475,Device:C_Small,Capacitor_SMD:C_0603_1608Metric,~,~,,C,C_Small
6,4,"C25, C26, C27, C28",18pF,Device:C_Small,Capacitor_SMD:C_0402_1005Metric,~,~,,C,C_Small
7,1,D1,LED_Small,Device:LED_Small,LED_SMD:LED_0603_1608Metric,~,~,LED_SMD:LED_0603_1608Metric,D1,LED_Small
8,1,D2,BAS16XV2T1G,Device:D_Small,Diode_SMD:D_SOD-523,~,~,,D,D_Small
9,2,"D3, D4",SS34,Device:D_Schottky_Small,Diode_SMD:D_SMA,~,~,,D,D_Schottky_Small
10,1,F1,Fuse_Small,Device:Fuse_Small,Fuse:Fuse_0805_2012Metric,~,~,Fuse:Fuse_0805_2012Metric,F1,Fuse_Small
11,4,"H1, H2, H3, H4",M2_Pad,Mechanical:MountingHole_Pad,MountingHole:MountingHole_2.2mm_M2_DIN965_Pad,~,~,,H,MountingHole_Pad
12,2,"J1, J2",Conn_02x50_Odd_Even,core:Conn_02x50_Odd_Even,zynq7000_mb:51779844,~,~,Core_ZYNQ:51779834,J,Conn_02x50_Odd_Even
13,1,J3,ZYNQ_JTAG,Connector_Generic:Conn_02x07_Odd_Even,Connector_IDC:IDC-Header_2x07_P2.54mm_Horizontal,~,~,,J,Conn_02x07_Odd_Even
14,3,"J4, J5, J9",USB_C_Receptacle_USB2.0,Connector:USB_C_Receptacle_USB2.0,zynq7000_mb:USB_C_Receptacle_Palconn_UTC16-G,https://www.usb.org/sites/default/files/documents/usb_type-c.zip,https://www.usb.org/sites/default/files/documents/usb_type-c.zip,,J,USB_C_Receptacle_USB2.0
15,1,J6,HDMI_A,Connector:HDMI_A,zynq7000_mb:HDMI-A_2086581001,https://en.wikipedia.org/wiki/HDMI,https://en.wikipedia.org/wiki/HDMI,,J,HDMI_A
16,1,J7,Conn_02x03_Odd_Even,Connector_Generic:Conn_02x03_Odd_Even,Connector_PinHeader_2.54mm:PinHeader_2x03_P2.54mm_Vertical,~,~,,J,Conn_02x03_Odd_Even
17,4,"J8, J11, J12, J13",USB_A,Connector:USB_A,zynq7000_mb:USB_A_Wuerth_614004134726_Horizontal, ~, ~,,J,USB_A
18,1,J10,Conn_02x20_Odd_Even,Connector_Generic:Conn_02x20_Odd_Even,Connector_IDC:IDC-Header_2x20_P2.54mm_Vertical,~,~,,J,Conn_02x20_Odd_Even
19,3,"R1, R2, R22",330R,Device:R_Small,Resistor_SMD:R_0402_1005Metric,~,~,,R,R_Small
20,6,"R3, R4, R5, R12, R13, R54",20K,Device:R_Small,Resistor_SMD:R_0402_1005Metric,~,~,,R,R_Small
21,6,"R6, R7, R8, R9, R23, R40",33R,Device:R_Small,Resistor_SMD:R_0402_1005Metric,~,~,,R,R_Small
22,7,"R10, R11, R21, R44, R45, R53, R55",10K,Device:R_Small,Resistor_SMD:R_0402_1005Metric,~,~,,R,R_Small
23,6,"R14, R15, R16, R17, R49, R50",5.1K,Device:R_Small,Resistor_SMD:R_0402_1005Metric,~,~,,R,R_Small
24,4,"R18, R19, R20, R24",4.7K,Device:R_Small,Resistor_SMD:R_0402_1005Metric,~,~,,R,R_Small
25,5,"R25, R26, R27, R28, R29",2.2K,Device:R_Small,Resistor_SMD:R_0402_1005Metric,~,~,,R,R_Small
26,3,"R30, R48, R57",100K,Device:R_Small,Resistor_SMD:R_0402_1005Metric,~,~,,R,R_Small
27,8,"R31, R32, R33, R34, R35, R36, R37, R38",49.9R,Device:R_Small,Resistor_SMD:R_0402_1005Metric,~,~,,R,R_Small
28,1,R39,27K,Device:R_Small,Resistor_SMD:R_0402_1005Metric,~,~,,R,R_Small
29,1,R41,8K06,Device:R_Small,Resistor_SMD:R_0402_1005Metric,~,~,,R,R_Small
30,1,R42,1.5K,Device:R_Small,Resistor_SMD:R_0402_1005Metric,~,~,,R,R_Small
31,2,"R43, R47",1K,Device:R_Small,Resistor_SMD:R_0402_1005Metric,~,~,,R,R_Small
32,1,R46,1M,Device:R_Small,Resistor_SMD:R_0402_1005Metric,~,~,,R,R_Small
33,1,R51,680R,Device:R_Small,Resistor_SMD:R_0402_1005Metric,~,~,,R,R_Small
34,1,R52,510K,Device:R_Small,Resistor_SMD:R_0402_1005Metric,~,~,,R,R_Small
35,1,R56,47K,Device:R_Small,Resistor_SMD:R_0402_1005Metric,~,~,,R,R_Small
36,1,SW1,SW_DIP_x02,Switch:SW_DIP_x02,Button_Switch_SMD:SW_DIP_SPSTx02_Slide_6.7x6.64mm_W8.61mm_P2.54mm_LowProfile,~,~,Button_Switch_SMD:SW_DIP_SPSTx02_Slide_6.7x6.64mm_W6.73mm_P2.54mm_LowProfile_JPin,SW5,SW_DIP_x02
37,1,SW2,SW_DIP_x01,Switch:SW_DIP_x01,Button_Switch_SMD:SW_SPST_PTS645,~,~,,SW,SW_DIP_x01
38,1,SYM1,SYM_Arrow45_Large,Graphic:SYM_Arrow45_Large,zynq7000_mb:LOGO,~,~,,#SYM,SYM_Arrow45_Large
39,2,"SYME1, SYME5",SYM_Arrow45_Large,Graphic:SYM_Arrow45_Large,zynq7000_mb:LOGO_Z,~,~,,#SYM,SYM_Arrow45_Large
40,1,SYME2,SYM_Arrow45_Large,Graphic:SYM_Arrow45_Large,Symbol:ESD-Logo_8.9x8mm_SilkScreen,~,~,,#SYM,SYM_Arrow45_Large
41,1,SYME3,SYM_Arrow45_Large,Graphic:SYM_Arrow45_Large,Symbol:WEEE-Logo_8.4x12mm_SilkScreen,~,~,,#SYM,SYM_Arrow45_Large
42,2,"SYME4, SYME6",SYM_Arrow45_Large,Graphic:SYM_Arrow45_Large,zynq7000_mb:LOGO_X,~,~,,#SYM,SYM_Arrow45_Large
43,1,U1,HR911130A,ZYNQ_MB:HR911130A,zynq7000_mb:HR911130A,,,zynq7000_mb:HR911130A,U,HR911130A
44,1,U2,CP2102N-A01-GQFN28,Interface_USB:CP2102N-A01-GQFN28,Package_DFN_QFN:QFN-28-1EP_5x5mm_P0.5mm_EP3.35x3.35mm,https://www.silabs.com/documents/public/data-sheets/cp2102n-datasheet.pdf,,Package_DFN_QFN:QFN-28-1EP_5x5mm_P0.5mm_EP3.35x3.35mm,U,Interface_USB_CP2102N-A01-GQFN28
45,1,U3,CA-IS3722HS,Isolator:ADuM121N,Package_SO:SOIC-8_3.9x4.9mm_P1.27mm,https://www.analog.com/media/en/technical-documentation/data-sheets/ADuM120N_121N.pdf,https://www.analog.com/media/en/technical-documentation/data-sheets/ADuM120N_121N.pdf,Package_SO:SOIC-8_3.9x4.9mm_P1.27mm,U,ADuM121N
46,1,U4,TXS02612RTWR,ZYNQ_MB:TXS02612RTWR,Package_DFN_QFN:QFN-24-1EP_4x4mm_P0.5mm_EP2.6x2.6mm,,,Package_DFN_QFN:QFN-24-1EP_4x4mm_P0.5mm_EP2.6x2.6mm_ThermalVias,U,TXS02612RTWR
47,1,U5,TF_Card,ZYNQ_MB:TF_Card,zynq7000_mb:XKXFS-N02-XXT,,,,U,TF_Card
48,1,U6,TXS0108EPWR,Logic_LevelTranslator:TXS0108EPW,Package_SO:TSSOP-20_4.4x6.5mm_P0.65mm,www.ti.com/lit/ds/symlink/txs0108e.pdf,www.ti.com/lit/ds/symlink/txs0108e.pdf,Package_SO:TSSOP-20_4.4x6.5mm_P0.65mm,U,TXS0108EPW
49,1,U7,USB3320,ZYNQ_MB:USB3320,Package_DFN_QFN:QFN-32-1EP_5x5mm_P0.5mm_EP3.1x3.1mm,,,Package_DFN_QFN:QFN-32-1EP_4x4mm_P0.4mm_EP2.9x2.9mm,U,USB3320
50,1,U8,TPS2051BDBV,ZYNQ_MB:TPS2051BDBV,Package_TO_SOT_SMD:SOT-23-5,,,Package_TO_SOT_SMD:SOT-23-5,U,TPS2051BDBV
51,1,U9,GL850G,ZYNQ_MB:GL850G,Package_SO:SSOP-28_5.3x10.2mm_P0.65mm,,,Package_SO:SSOP-28_5.3x10.2mm_P0.65mm,U,GL850G
52,1,Y1,24Mhz,Device:Crystal_GND24,Crystal:Crystal_SMD_3225-4Pin_3.2x2.5mm,~,~,,Y,Crystal_GND24
53,1,Y2,12Mhz,Device:Crystal_GND24,Crystal:Crystal_SMD_3225-4Pin_3.2x2.5mm,~,~,,Y,Crystal_GND24
