Designator,Comment ,Package,Mid X,Mid Y,Rotation ,Layer 
C1,104,C_0402_1005Metric,113,-54,0,top
C2,106,C_0603_1608Metric,113.2,-52.6,0,top
C3,104,C_0402_1005Metric,138.5,-106.97,0,top
C4,104,C_0402_1005Metric,140.5,-109.47,0,top
C5,106,C_0805_2012Metric,83.2,-47.5,0,top
C6,106,C_0805_2012Metric,83.2,-51.5,0,top
C7,106,C_0805_2012Metric,83.2,-53.5,0,top
C8,106,C_0805_2012Metric,83.2,-49.5,0,top
C9,105,C_0402_1005Metric,141.05,-115.65,0,top
C10,104,C_0402_1005Metric,122.42,-95.94,0,top
C11,104,C_0402_1005Metric,126.85,-91.76,180,top
C12,106,C_0603_1608Metric,131.595,-98.2775,180,top
C13,104,C_0402_1005Metric,131.995,-97.0775,180,top
C14,104,C_0402_1005Metric,141.05,-114.7,0,top
C15,104,C_0402_1005Metric,131.9,-115,-90,top
C16,104,C_0402_1005Metric,121.18,-83.96,180,top
C17,104,C_0402_1005Metric,127.36,-81.945,0,top
C18,104,C_0402_1005Metric,84.45,-74.95,180,top
C19,104,C_0402_1005Metric,93.56,-73.8,0,top
C20,475,C_0603_1608Metric,87.625,-80.35,-90,top
C21,104,C_0402_1005Metric,87.15,-71.35,90,top
C22,106,C_0603_1608Metric,121.925,-70.125,90,top
C23,475,C_0603_1608Metric,89.1,-80.35,-90,top
C24,104,C_0402_1005Metric,84.45,-76.55,180,top
C25,18pF,C_0402_1005Metric,93.775,-76.55,0,top
C26,18pF,C_0402_1005Metric,93.775,-77.475,0,top
C27,18pF,C_0402_1005Metric,135.48,-55.45,180,top
C28,18pF,C_0402_1005Metric,135.48,-56.4,180,top
C29,104,C_0402_1005Metric,135.54,-62.15,0,top
C30,106,C_0603_1608Metric,147.725,-60.275,0,top
C31,104,C_0402_1005Metric,135.45,-54.15,0,top
D1,LED_Small,LED_0603_1608Metric,79.6,-47.2,180,top
D2,BAS16XV2T1G,D_SOD-523,134.27,-85,180,top
D3,SS34,D_SMA,134.525,-87.475,180,top
D4,SS34,D_SMA,128,-72,90,top
F1,Fuse_Small,Fuse_0805_2012Metric,79.6,-50.2,0,top
J1,Conn_02x50_Odd_Even,51779844,100,-63.5,0,top
J2,Conn_02x50_Odd_Even,51779844,100,-105,0,top
J3,ZYNQ_JTAG,IDC-Header_2x07_P2.54mm_Horizontal,76.38,-43.6975,90,top
J4,USB_C_Receptacle_USB2.0,USB_C_Receptacle_Palconn_UTC16-G,74.275,-53,-90,top
J5,USB_C_Receptacle_USB2.0,USB_C_Receptacle_Palconn_UTC16-G,145.585,-111.88,90,top
J6,HDMI_A,HDMI-A_2086581001,141.025,-80.475,90,top
J7,Conn_02x03_Odd_Even,PinHeader_2x03_P2.54mm_Vertical,138.25,-69.715,180,top
J8,USB_A,USB_A_Wuerth_614004134726_Horizontal,144.8,-41.49,-90,top
J9,USB_C_Receptacle_USB2.0,USB_C_Receptacle_Palconn_UTC16-G,145.65,-67,90,top
J10,Conn_02x20_Odd_Even,IDC-Header_2x20_P2.54mm_Vertical,124.13,-114.2475,-90,top
J11,USB_A,USB_A_Wuerth_614004134726_Horizontal,136.2,-41.49,-90,top
J12,USB_A,USB_A_Wuerth_614004134726_Horizontal,127.55,-41.49,-90,top
J13,USB_A,USB_A_Wuerth_614004134726_Horizontal,118.9,-41.49,-90,top
R1,330R,R_0402_1005Metric,94.2,-58.2,-90,top
R2,330R,R_0402_1005Metric,93.2,-58.2,-90,top
R3,20K,R_0402_1005Metric,82.8,-58.2,90,top
R4,20K,R_0402_1005Metric,86.8,-58.2,90,top
R5,20K,R_0402_1005Metric,85.8,-58.2,90,top
R6,33R,R_0402_1005Metric,89.2,-58.2,-90,top
R7,33R,R_0402_1005Metric,90.2,-58.2,-90,top
R8,33R,R_0402_1005Metric,88.2,-58.2,-90,top
R9,33R,R_0402_1005Metric,91.2,-58.2,-90,top
R10,10K,R_0402_1005Metric,115.975,-55.075,180,top
R11,10K,R_0402_1005Metric,115.975,-56.075,180,top
R12,20K,R_0402_1005Metric,84.8,-58.2,-90,top
R13,20K,R_0402_1005Metric,83.8,-58.2,-90,top
R14,5.1K,R_0402_1005Metric,140.5,-111.67,0,top
R15,5.1K,R_0402_1005Metric,140.5,-108.47,0,top
R16,5.1K,R_0402_1005Metric,79,-51.8,180,top
R17,5.1K,R_0402_1005Metric,79,-54.2,180,top
R18,4.7K,R_0402_1005Metric,136.635,-106.97,180,top
R19,4.7K,R_0402_1005Metric,79,-48.6,0,top
R20,4.7K,R_0402_1005Metric,122.42,-93.14,0,top
R21,10K,R_0402_1005Metric,131.715,-102.75,0,top
R22,330R,R_0402_1005Metric,131.715,-103.75,0,top
R23,33R,R_0402_1005Metric,125.77,-98.79,90,top
R24,4.7K,R_0402_1005Metric,131.995,-96.0775,0,top
R25,2.2K,R_0402_1005Metric,121.21,-82.995,180,top
R26,2.2K,R_0402_1005Metric,121.19,-84.94,180,top
R27,2.2K,R_0402_1005Metric,121.19,-85.93,180,top
R28,2.2K,R_0402_1005Metric,137.4,-83.025,0,top
R29,2.2K,R_0402_1005Metric,137.4,-84,0,top
R30,100K,R_0402_1005Metric,137.4,-84.975,0,top
R31,49.9R,R_0402_1005Metric,137.4,-75.225,0,top
R32,49.9R,R_0402_1005Metric,137.4,-76.2,0,top
R33,49.9R,R_0402_1005Metric,137.4,-77.175,0,top
R34,49.9R,R_0402_1005Metric,137.4,-78.15,0,top
R35,49.9R,R_0402_1005Metric,137.4,-79.125,0,top
R36,49.9R,R_0402_1005Metric,137.4,-80.1,0,top
R37,49.9R,R_0402_1005Metric,137.4,-81.075,0,top
R38,49.9R,R_0402_1005Metric,137.4,-82.05,0,top
R39,27K,R_0402_1005Metric,132,-85.09,0,top
R40,33R,R_0402_1005Metric,90.3,-71.4,-90,top
R41,8K06,R_0402_1005Metric,93.2,-79.8,90,top
R42,1.5K,R_0402_1005Metric,93.56,-74.9,0,top
R43,1K,R_0402_1005Metric,91.29,-79.8,-90,top
R44,10K,R_0402_1005Metric,92.25,-79.8,-90,top
R45,10K,R_0402_1005Metric,125.4,-67.5,-90,top
R46,1M,R_0402_1005Metric,92.375,-77.05,90,top
R47,1K,R_0402_1005Metric,90.325,-79.8,90,top
R48,100K,R_0402_1005Metric,125.4,-73.6,-90,top
R49,5.1K,R_0402_1005Metric,141.1,-69,180,top
R50,5.1K,R_0402_1005Metric,141.125,-65.3,180,top
R51,680R,R_0402_1005Metric,135.45,-53.2,0,top
R52,510K,R_0402_1005Metric,147.175,-59.025,180,top
R53,10K,R_0402_1005Metric,147.175,-56.125,180,top
R54,20K,R_0402_1005Metric,147.175,-57.1,180,top
R55,10K,R_0402_1005Metric,137.44,-62.15,180,top
R56,47K,R_0402_1005Metric,135.54,-61.2,0,top
R57,100K,R_0402_1005Metric,147.175,-58.075,0,top
SW1,SW_DIP_x02,SW_DIP_SPSTx02_Slide_6.7x6.64mm_W8.61mm_P2.54mm_LowProfile,123.475,-54.875,0,top
SW2,SW_DIP_x01,SW_SPST_PTS645,90.3,-50.3,-90,top
U1,HR911130A,HR911130A,105.8,-41,0,top
U2,CP2102N-A01-GQFN28,QFN-28-1EP_5x5mm_P0.5mm_EP3.35x3.35mm,136.3,-110.55,180,top
U3,CA-IS3722HS,SOIC-8_3.9x4.9mm_P1.27mm,136.41,-116.37,0,top
U4,TXS02612RTWR,QFN-24-1EP_4x4mm_P0.5mm_EP2.6x2.6mm,126.02,-95.14,0,top
U5,TF_Card,XKXFS-N02-XXT,145.595,-105,90,top
U6,TXS0108EPWR,TSSOP-20_4.4x6.5mm_P0.65mm,126.01,-85.92,0,top
U7,USB3320,QFN-32-1EP_5x5mm_P0.5mm_EP3.1x3.1mm,88.7,-75.5,-90,top
U8,TPS2051BDBV,SOT-23-5,124.4,-70.5,90,top
U9,GL850G,SSOP-28_5.3x10.2mm_P0.65mm,141.475,-56.175,0,top
Y1,24Mhz,Crystal_SMD_3225-4Pin_3.2x2.5mm,96.425,-76.775,-90,top
Y2,12Mhz,Crystal_SMD_3225-4Pin_3.2x2.5mm,132.83,-57.1,-90,top
